{"mass":1.18,"centerOfMass":[-0.00618644,0,0.05287203],"transformation":[0.7071,-0.7071,0,0,0.7071,0.7071,0,0,0,0,1,0,0,0,0.1034,1],"inertia":[0.001,0,0,0,0.0025,0,0,0,0.0017]}